title,url
Me at the zoo,https://www.youtube.com/watch?v=jNQXAC9IVRw
10 sec 2D Test animation,https://www.youtube.com/watch?v=BB49x_uMlGA
[TEST] 10 Second Countdown,https://www.youtube.com/watch?v=Hm5ieMoxc4c
My Snowboarding Skillz,https://www.youtube.com/watch?v=LeAltgu_pbM
10 Second Timer,https://www.youtube.com/watch?v=tCDvOQI3pco
here's a 10 second joke because you're busy,https://www.youtube.com/watch?v=FAyKDaXEAgc
Stunning Sunset,https://www.youtube.com/watch?v=xuP4g7IDgDM
5 second timer,https://www.youtube.com/watch?v=DAjMZ6fCPOo
8 second video,https://www.youtube.com/watch?v=r7gVLa1tP94
Fake Video,not_a_url